{
	"home pattern": {
		"pattern": "H#(\\d{1,8})",
		"link": "homes/#placeholder#",
		"linkText": "NEWHome#: "
	},
	
	"phone pattern": {
		"pattern": "\\b\\(?(\\d{3})\\)?(?: |\\-)*(\\d{3})\\-?(\\d{4})\\b",
		"link": "homes?page=1&homes_filter[phone_number_cond]=eq&homes_filter[phone_number]=#placeholder#",
		"linkText": "Phone#: "
	},
	
	"project pattern": { 
		"pattern": "(?:^|\\b)(3\\d)\\-?(\\d{5})\\b",
		"link": "projects?q[project_number_eq]=#placeholder#",
		"linkText": "Project#: "
	},

	"appointment pattern": {
		"pattern": "(?:^#?|\\s|[^ht]#)([0-2|4-9]\\d{4,7})\\b",
		"link": "homes?homes_filter[lead_id_cond]=eq&homes_filter[lead_id]=#placeholder#",
		"linkText": "Appt #: " 

	},

	"user number pattern": {
		"pattern": "U#(\\d{1,8})",
		"link": "usersusers/#placeholder#/edit",
		"linkText": "User#: "
	},

	"ticket pattern": {
		"pattern": "\\b(?:t(?:icket)? ?#? ?)(\\d+)\\b",
		"link": "support/tickets/#placeholder#",
		"linkText": "Ticket #:"
	}
}